"0","bur_sim_1192_cql
"
"1"," // CQL2 generated by stratigraphr v0.3.0.9000
 Curve(""SHCal20"",""shcal20.14c"");
 Sequence(""Burial 11/92"")
 {
  Boundary("""");
  Phase(""11/92"")
  {
   R_Date(""LabXX-101"", 1033, 30);
   R_Date(""LabXX-102"", 1090, 37);
   R_Date(""LabXX-103"", 1130, 35);
   R_Date(""LabXX-104"", 990, 34);
   R_Date(""LabXX-105"", 1087, 32);
   R_Date(""LabXX-106"", 1080, 35);
   R_Date(""LabXX-107"", 1075, 26);
   R_Date(""LabXX-108"", 1049, 31);
   R_Date(""LabXX-109"", 1081, 29);
   R_Date(""LabXX-110"", 1277, 40);
   R_Date(""LabXX-111"", 1104, 39);
   R_Date(""LabXX-112"", 1147, 32);
  };
  Boundary("""");
 };
"
